acting,bad,excellent,good,movie,nice,performance,poor
0.6931471805599453,0.0,0.0,0.6931471805599453,0.5596157879354227,0.9162907318741551,0.0,0.0
0.6931471805599453,0.9162907318741551,0.0,0.0,0.5596157879354227,0.0,0.0,0.9162907318741551
0.0,0.0,0.9162907318741551,0.6931471805599453,0.5596157879354227,0.0,0.9162907318741551,0.0
